sample,24h CON 1,24h CON 2,24h CON 3,24h AA 1,24h AA 2,24h AA 3
PS(42:8),0.039096671,0.048629063,0.033723608,0.047177176,0.041427748,0.043042335
PE(42:8),0.005358486,0.00509418,0.00489321,0.160215808,0.151076058,0.166159881
PC(42:8),0.01543998,0.015312104,0.015252706,1.286319709,1.083053662,1.261169034
PS(32:0),0.11392858,0.080762026,0.128541348,0.656895224,0.800790573,0.592724899
PE(32:0),0.046063214,0.043759251,0.047335343,0.175927791,0.183855506,0.194325215
PC(32:0),1.074150848,0.726798053,0.412228743,1.94494173,1.520645133,1.337827826
PC(32:0),0.928888882,0.964353269,0.789633482,1.666428947,1.375398801,1.616097007
